{
    "AcquisitionNumber": 1,
    "AcquisitionTime": "09:38:07.137500",
    "BrainVoyagerInfo": {
        "AcquisitionTime": "093807.137500",
        "CalculatedDicomSlice1CenterX": -3.964003562927246,
        "CalculatedDicomSlice1CenterY": -38.35414123535156,
        "CalculatedDicomSlice1CenterZ": -84.68531036376953,
        "CalculatedDicomSliceNCenterX": 1.1439112424850464,
        "CalculatedDicomSliceNCenterY": 12.077911376953125,
        "CalculatedDicomSliceNCenterZ": 32.305152893066406,
        "CoordinateSystem": 1,
        "DataStorageFormat": 2,
        "DataType": 2,
        "DicomColDirX": 0,
        "DicomColDirY": 0.9183094501495361,
        "DicomColDirZ": -0.39586329460144043,
        "DicomFoVCols": 210,
        "DicomFoVRows": 210,
        "DicomGapThickness": 0,
        "DicomNCols": 84,
        "DicomNRows": 84,
        "DicomPosInfoPresent": 1,
        "DicomRowDirX": 0.9991971850395203,
        "DicomRowDirY": -0.01585911214351654,
        "DicomRowDirZ": -0.03678937628865242,
        "DicomSliceThickness": 2.5,
        "DocumentType": "FMR",
        "MultiBandSequence": true,
        "NrOfPastSpatialTransformations": 0,
        "NrOfPreprocessingSteps": 0,
        "NrOfSkippedVolumes": 0,
        "Protocol": {
            "Conditions": [
                {
                    "ColorB": 255,
                    "ColorG": 0,
                    "ColorR": 255,
                    "IntervalsFrom": [
                        5,
                        13,
                        21,
                        29,
                        37,
                        45,
                        53,
                        61,
                        69,
                        77,
                        85,
                        93,
                        101,
                        109,
                        117,
                        125,
                        133,
                        141,
                        149,
                        157,
                        165,
                        173,
                        181,
                        189,
                        197,
                        205,
                        213,
                        221,
                        229,
                        237,
                        245,
                        253,
                        261,
                        269,
                        277,
                        285,
                        293,
                        301,
                        309,
                        317,
                        325
                    ],
                    "IntervalsTo": [
                        8,
                        16,
                        24,
                        32,
                        40,
                        48,
                        56,
                        64,
                        72,
                        80,
                        88,
                        96,
                        104,
                        112,
                        120,
                        128,
                        136,
                        144,
                        152,
                        160,
                        168,
                        176,
                        184,
                        192,
                        200,
                        208,
                        216,
                        224,
                        232,
                        240,
                        248,
                        256,
                        264,
                        272,
                        280,
                        288,
                        296,
                        304,
                        312,
                        320,
                        328
                    ],
                    "Name": "Face",
                    "NrOfIntervals": 41
                },
                {
                    "ColorB": 0,
                    "ColorG": 168,
                    "ColorR": 0,
                    "IntervalsFrom": [
                        1,
                        9,
                        17,
                        25,
                        33,
                        41,
                        49,
                        57,
                        65,
                        73,
                        81,
                        89,
                        97,
                        105,
                        113,
                        121,
                        129,
                        137,
                        145,
                        153,
                        161,
                        169,
                        177,
                        185,
                        193,
                        201,
                        209,
                        217,
                        225,
                        233,
                        241,
                        249,
                        257,
                        265,
                        273,
                        281,
                        289,
                        297,
                        305,
                        313,
                        321,
                        329
                    ],
                    "IntervalsTo": [
                        4,
                        12,
                        20,
                        28,
                        36,
                        44,
                        52,
                        60,
                        68,
                        76,
                        84,
                        92,
                        100,
                        108,
                        116,
                        124,
                        132,
                        140,
                        148,
                        156,
                        164,
                        172,
                        180,
                        188,
                        196,
                        204,
                        212,
                        220,
                        228,
                        236,
                        244,
                        252,
                        260,
                        268,
                        276,
                        284,
                        292,
                        300,
                        308,
                        316,
                        324,
                        336
                    ],
                    "Name": "Hand",
                    "NrOfIntervals": 42
                }
            ],
            "FileName": "sub-20_ses-01_VAR2_run-3.prt",
            "Name": "newbi4fmri_VAR2_Baselines-and-Slow-Event-Related",
            "NrOfConditions": 2,
            "TimeCourseColors": {
                "RefTCPenThick": 3,
                "RefTimeCourseB": 80,
                "RefTimeCourseG": 0,
                "RefTimeCourseR": 0,
                "TCBackColorB": 0,
                "TCBackColorG": 0,
                "TCBackColorR": 0,
                "TCPenThick": 3,
                "TCTextColorB": 255,
                "TCTextColorG": 255,
                "TCTextColorR": 255,
                "TimeCourseB": 255,
                "TimeCourseG": 255,
                "TimeCourseR": 255
            },
            "TimeResolution": "Volumes"
        },
        "SliceAcquisitionOrder": 5,
        "SliceAcquisitionOrderVerified": true,
        "SliceGap": 0,
        "SliceThickness": 2.5,